{"accuracy": [0.45484375953674316, 0.5279687643051147, 0.5639062523841858, 0.6168749928474426, 0.6440625190734863, 0.6696875095367432, 0.67578125, 0.6929687261581421, 0.6985937356948853, 0.6942187547683716, 0.7178124785423279, 0.737500011920929, 0.7403125166893005, 0.7496874928474426, 0.7557812333106995], "loss": [1.4804366827011108, 1.1775416135787964, 1.0512278079986572, 0.9264626502990723, 0.873352587223053, 0.8192395567893982, 0.8154106140136719, 0.784244179725647, 0.751391589641571, 0.7678952217102051, 0.7165653109550476, 0.6716599464416504, 0.6607719659805298, 0.6563772559165955, 0.632623553276062], "val_accuracy": [0.2475000023841858, 0.42500001192092896, 0.5556250214576721, 0.5818750262260437, 0.6181250214576721, 0.640625, 0.640625, 0.6399999856948853, 0.6837499737739563, 0.6587499976158142, 0.7331249713897705, 0.734375, 0.7331249713897705, 0.7381250262260437, 0.7518749833106995], "val_loss": [10.022836685180664, 1.7137776613235474, 1.1490837335586548, 1.2333143949508667, 0.9325681328773499, 0.9230812191963196, 0.8967415690422058, 1.0553250312805176, 0.919013500213623, 0.9921517968177795, 0.7049931287765503, 0.7284431457519531, 0.7159503698348999, 0.7207996249198914, 0.6575305461883545], "learning_rate": [0.0010000000474974513, 0.0010000000474974513, 0.0010000000474974513, 0.0010000000474974513, 0.0010000000474974513, 0.0010000000474974513, 0.0010000000474974513, 0.0010000000474974513, 0.0010000000474974513, 0.0010000000474974513, 0.0003000000142492354, 0.0003000000142492354, 0.0003000000142492354, 0.0003000000142492354, 9.000000136438757e-05]}