{"accuracy": [0.7640625238418579, 0.8306249976158142, 0.8426562547683716, 0.8485937714576721, 0.860156238079071, 0.8650000095367432, 0.8729687333106995, 0.8792187571525574, 0.8851562738418579, 0.8882812261581421, 0.8904687762260437, 0.8865625262260437, 0.9003124833106995, 0.8998437523841858], "loss": [0.6910637021064758, 0.4821281433105469, 0.42707359790802, 0.4030366539955139, 0.3645767867565155, 0.3529747426509857, 0.3273014724254608, 0.3234955668449402, 0.30056628584861755, 0.2878822088241577, 0.28128781914711, 0.2859322726726532, 0.26043757796287537, 0.25629302859306335], "val_accuracy": [0.8575000166893005, 0.8656250238418579, 0.8675000071525574, 0.8675000071525574, 0.8656250238418579, 0.8737499713897705, 0.8731250166893005, 0.8700000047683716, 0.8793749809265137, 0.8731250166893005, 0.8706250190734863, 0.8700000047683716, 0.8668749928474426, 0.8631250262260437], "val_loss": [0.40951311588287354, 0.38198795914649963, 0.38817891478538513, 0.3792608380317688, 0.3858300447463989, 0.3610084652900696, 0.3642469048500061, 0.3568895757198334, 0.35284823179244995, 0.3610113561153412, 0.37838348746299744, 0.3729745149612427, 0.38589736819267273, 0.3734028935432434], "learning_rate": [0.0003000000142492354, 0.0003000000142492354, 0.0003000000142492354, 0.0003000000142492354, 0.0003000000142492354, 0.0003000000142492354, 0.0003000000142492354, 0.0003000000142492354, 0.0003000000142492354, 0.0003000000142492354, 0.0003000000142492354, 0.0003000000142492354, 9.000000136438757e-05, 9.000000136438757e-05]}